Data as of,Start Week,End Week,Condition Group,Condition,ICD10_codes,All ages,0-24 years,25-34 years,35-44 years,45-54 years,55-64 years,65-74 years,75-84 years,85 years and over
05/31/2020,02/01/2020,05/30/2020,Coronavirus Disease 2019,Coronavirus Disease 2019,U071,84738,119,566,1462,4059,10156,17651,22717,28004
05/31/2020,02/01/2020,05/30/2020,Respiratory diseases,Influenza and pneumonia,J09-J18,35893,45,258,639,1842,4584,7790,9772,10962
05/31/2020,02/01/2020,05/30/2020,Respiratory diseases,Chronic lower respiratory diseases,J40-J47,6751,9,37,61,199,749,1551,2133,2011
05/31/2020,02/01/2020,05/30/2020,Respiratory diseases,Adult respiratory distress syndrome,J80,12897,33,112,320,912,2039,3344,3300,2835
05/31/2020,02/01/2020,05/30/2020,Respiratory diseases,Respiratory failure,J96,29056,38,188,471,1373,3526,6418,8134,8907
05/31/2020,02/01/2020,05/30/2020,Respiratory diseases,Respiratory arrest,R09.2,1843,1,10,29,80,194,380,501,648
05/31/2020,02/01/2020,05/30/2020,Respiratory diseases,Other diseases of the respiratory system,"J00-J06, J20-J39, J60-J70, J81-J86, J90-J95, J97-J99, U04",2607,4,13,40,98,275,515,729,933
05/31/2020,02/01/2020,05/30/2020,Circulatory diseases,Hypertensive diseases,I10-I15,17668,8,53,197,681,2002,3846,4939,5941
05/31/2020,02/01/2020,05/30/2020,Circulatory diseases,Ischemic heart disease,I20-I25,8866,2,4,35,175,742,1741,2668,3498
05/31/2020,02/01/2020,05/30/2020,Circulatory diseases,Cardiac arrest,I46,11665,23,94,228,672,1607,2587,2980,3474
05/31/2020,02/01/2020,05/30/2020,Circulatory diseases,Cardiac arrhythmia,"I44, I45, I47-I49",4774,4,14,21,88,323,795,1420,2109
05/31/2020,02/01/2020,05/30/2020,Circulatory diseases,Heart failure,I50,5150,2,18,24,111,385,844,1404,2362
05/31/2020,02/01/2020,05/30/2020,Circulatory diseases,Cerebrovascular diseases,I60-I69,3637,2,10,26,117,380,795,1076,1230
05/31/2020,02/01/2020,05/30/2020,Circulatory diseases,Other diseases of the circulatory system,"I00-I09, I26-I43, I51, I52, I70-I99",4168,12,38,96,197,482,870,1106,1367
05/31/2020,02/01/2020,05/30/2020,Sepsis,Sepsis,A40-A41,6585,13,60,137,425,1072,1727,1735,1416
05/31/2020,02/01/2020,05/30/2020,Malignant neoplasms,Malignant neoplasms,C00-C97,3685,6,12,38,116,461,966,1120,966
05/31/2020,02/01/2020,05/30/2020,Diabetes,Diabetes,E10-E14,12362,19,76,252,799,1911,3289,3382,2633
05/31/2020,02/01/2020,05/30/2020,Obesity,Obesity,E65-E68,2254,26,105,244,396,563,528,296,96
05/31/2020,02/01/2020,05/30/2020,Alzheimer disease,Alzheimer disease,G30,2491,0,0,0,2,24,163,719,1583
05/31/2020,02/01/2020,05/30/2020,Vascular and unspecified dementia,Vascular and unspecified dementia,"F01, F03",9265,0,0,1,14,144,808,2660,5638
05/31/2020,02/01/2020,05/30/2020,Renal failure,Renal failure,N17-N19,6659,6,59,115,412,906,1658,1797,1706
05/31/2020,02/01/2020,05/30/2020,"Intentional and unintentional injury, poisoning and other adverse events","Intentional and unintentional injury, poisoning and other adverse events","S00-T98, V01-X59, X60-X84, X85-Y09, Y10-Y36, Y40-Y89, U01-U03",2093,7,43,36,111,253,388,505,748
05/31/2020,02/01/2020,05/30/2020,All other conditions and causes (residual),All other conditions and causes (residual),"A00-A39, A42-B99, D00-E07, E15-E64, E70-E90, F00, F02, F04-G26, G31-H95, K00-K93, L00-M99, N00-N16, N20-N98, O00-O99, P00-P96, Q00-Q99, R00-R08, R09.0, R09.1, R09.3, R09.8, R10-R99",36975,80,289,643,1783,4803,8376,9924,11074
